name,author,type,form
万族之劫,老鹰吃小鸡,都市,LZ
我师兄实在太稳健了,言归正传,仙侠,LZ
大奉打更人,卖报小郎君,仙侠,LZ
诡秘之主,爱潜水的乌贼,玄幻,WJ
第一序列,会说话的肘子,都市,LZ
我真没想重生啊,柳岸花又明,都市,LZ
亏成首富从游戏开始,青衫取醉,游戏,LZ
超神机械师,齐佩甲,游戏,LZ
全球高武,老鹰吃小鸡,都市,LZ
轮回乐园,那一只蚊子,轻小说,LZ
颤栗高空,奥比椰,悬疑,LZ
精灵掌门人,轻泉流响,轻小说,LZ
明天下,孑与2,历史,LZ
绍宋,榴弹怕水,历史,LZ
诸天演道,鹿食萍,科幻,LZ
我有一座冒险屋,我会修空调,悬疑,LZ
灵魂补丁,现钞,悬疑,LZ
黎明之剑,远瞳,科幻,LZ
三国之关平当老大,三七开,历史,LZ
烂柯棋缘,真费事,仙侠,LZ
从骷髅岛开始横推万界,转的陀螺,悬疑,LZ
修真四万年,卧牛真人,科幻,WJ
恶魔就在身边,汉宝,玄幻,LZ
轮回大劫主,文抄公,游戏,LZ
我修炼开了外挂,周流星位,仙侠,LZ
异常生物见闻录,远瞳,科幻,WJ
庆余年,猫腻,历史,WJ
黑暗血时代,天下飘火,科幻,LZ
我不想当老大,超级麦克风,体育,LZ
天下第九,鹅是老五,仙侠,LZ
绝代名师,相思洗红豆,玄幻,LZ
地球人实在太凶猛了,卧牛真人,科幻,LZ
重生南非当警察,鲇鱼头,历史,LZ
英雄无敌之骑士,夜寒书生,游戏,LZ
万古最强部落,山人有妙计,玄幻,LZ
诡异修仙世界,龙蛇枝,仙侠,LZ
大医凌然,志鸟村,都市,LZ
我成了血族始祖,吐泡泡的鲤鱼,科幻,LZ
通幽大圣,封七月,武侠,LZ
你跑不过我吧,想枕头的瞌睡,都市,LZ
牧龙师,乱,玄幻,LZ
笑傲不群,空中云舒云卷,仙侠,LZ
诸天尽头,凤嘲凰,科幻,LZ
全世界只有我不知道我是高人,老魔童,都市,LZ
拯救全球,横扫天涯,玄幻,LZ
我在幕后调教大佬,阎ZK,玄幻,LZ
美食供应商,会做菜的猫,都市,LZ
从观众席走向娱乐圈,杯盏长生酒,都市,LZ
腾飞我的航空时代,安溪柚,都市,LZ
芝加哥1990,齐可休,轻小说,LZ
禁区之狐,林海听涛,体育,LZ
超神宠兽店,古羲,玄幻,LZ
我真要逆天啦,柳一条,玄幻,LZ
御九天,骷髅精灵,仙侠,LZ
世子很凶,关关公子,历史,LZ
大国重坦,华东之雄,军事,LZ
道君,跃千愁,仙侠,WJ
网游之全民领主,大汉护卫,游戏,LZ
抢救大明朝,大罗罗,历史,LZ
从精神病院走出的强者,新丰,玄幻,LZ
神话版三国,坟土荒草,历史,LZ
一剑,鱿鱼的烟斗,仙侠,LZ
突然成仙了怎么办,欢颜笑语,都市,LZ
大道纪,裴屠狗,科幻,LZ
港综世界大枭雄,萌俊,科幻,LZ
九星毒奶,育,科幻,WJ
斗罗大陆IV终极斗罗,唐家三少,玄幻,LZ
万千之心,滚开,玄幻,LZ
诸界末日在线,烟火成城,科幻,LZ
从1983开始,睡觉会变白,都市,LZ
学霸的黑科技系统,晨星LL,科幻,WJ
临渊行,宅猪,玄幻,LZ
万道龙皇,牧童听竹,玄幻,LZ
北宋大丈夫,迪巴拉爵士,历史,WJ
钢铁皇朝,背着家的蜗牛,历史,WJ
修真聊天群,圣骑士的传说,都市,WJ
问道红尘,姬叉,仙侠,LZ
大道朝天,猫腻,玄幻,LZ
系统逼我做皇帝,景以,历史,LZ
左道倾天,风凌天下,玄幻,LZ
我的重返人生,偷名,都市,LZ
从火影开始掌控时间,夜南听风,轻小说,LZ
穹顶之上,人间武库,都市,LZ
玄浑道章,误道者,仙侠,LZ
梦回大明春,王梓钧,历史,LZ
绝对一番,海底漫步者,都市,LZ
遮天,辰东,仙侠,WJ
从斗罗开始打卡,夏竖琴,轻小说,LZ
影视世界旅行家,昨夜大雨,科幻,LZ
汉阙,七月新番,历史,LZ
横推从拔刀开始,许你风华绝代,玄幻,LZ
三寸人间,耳根,仙侠,LZ
玩家凶猛,黑灯夏火,科幻,LZ
斗罗大陆,唐家三少,玄幻,WJ
牧神记,宅猪,玄幻,WJ
天启预报,风月,奇幻,LZ
怪物被杀就会死,阴天神隐,轻小说,LZ
生活系男神,起酥面包,都市,LZ
末日之最终战争,如水意,军事,LZ
泡面首富,吃一口布丁,游戏,LZ
柯南之我不是蛇精病,烟火酒颂,轻小说,LZ
武侠江湖大冒险,夜雨飘灯,科幻,LZ
临死前想杀个神,迷途信者,悬疑,LZ
大王饶命,会说话的肘子,都市,WJ
手术直播间,真熊初墨,都市,WJ
白骨大圣,咬火,玄幻,LZ
皇兄万岁,剪水II,玄幻,LZ
圣墟,辰东,玄幻,LZ
超凡大卫,吃瓜子群众,奇幻,LZ
带着系统来大唐,农家一锅出,历史,LZ
大国战隼,步枪,军事,LZ
明朝败家子,上山打老虎额,历史,WJ
生活系游戏,吨吨吨吨吨,都市,LZ
大明最后一个狠人,大明第一帅,历史,LZ
饲养全人类,三百斤的微笑,都市,LZ
武炼巅峰,莫默,玄幻,LZ
深夜书屋,纯洁滴小龙,悬疑,WJ
我在东京创造都市传说,役满,轻小说,LZ
都市极品医神,风会笑,都市,LZ
我真没想出名啊,巫马行,都市,WJ
农夫凶猛,懒鸟,玄幻,LZ
斗破苍穹,天蚕土豆,玄幻,WJ
猛卒,高月,历史,LZ
我的日常系进化游戏,猫爱预言,轻小说,LZ
数风流人物,瑞根,历史,LZ
我只想继承千亿家产,鸿尘逍遥,都市,LZ
我的蛮荒部落,小小妖仙,玄幻,LZ
惊悚乐园,三天两觉,游戏,WJ
真实末日游戏,捕梦者,科幻,LZ
最初进化,卷土,玄幻,LZ
纵横天下从铁布衫开始,再入江湖,玄幻,LZ
超神制卡师,零下九十度,玄幻,LZ
万古神帝,飞天鱼,玄幻,LZ
你们练武我种田,哎哟啊,玄幻,LZ
元尊,天蚕土豆,玄幻,LZ
我真的只是想打铁,静悄悄地写,体育,LZ
一世之尊,爱潜水的乌贼,玄幻,WJ
信息全知者,魔性沧月,都市,LZ
重生之财源滚滚,老鹰吃小鸡,都市,WJ
从山寨npc到大BOSS,白驹易逝,玄幻,LZ
我不是真的想惹事啊,左断手,悬疑,LZ
太乙,雾外江山,仙侠,LZ
重生之金融霸主,花皮的皮,都市,LZ
赘婿,愤怒的香蕉,历史,LZ
峡谷之巅,神秘的大西瓜,游戏,LZ
凡人修仙传,忘语,仙侠,WJ
我投篮实在太准了,肉末大茄子,体育,LZ
公子实在太正义了,李鸿天,玄幻,LZ
美漫世界阴影轨迹,驿路羁旅,游戏,LZ
从士兵突击开始的人生,黄杉公子,军事,LZ
天降我才必有用,石章鱼,都市,LZ
诸天最强大佬,七只跳蚤,科幻,LZ
咫尺之间人尽敌国,乘风御剑,玄幻,LZ
太初,高楼大厦,玄幻,LZ
千秋不死人,第九天命,仙侠,LZ
谍影风云,寻青藤,军事,WJ
北颂,圣诞稻草人,历史,LZ
奥术神座,爱潜水的乌贼,玄幻,WJ
唐砖,孑与2,历史,WJ
我的人生模拟器,凿砚,都市,LZ
我的细胞监狱,穿黄衣的阿肥,科幻,LZ
全世界都在演我怎么办,过河.卒,游戏,LZ
完美世界,辰东,玄幻,WJ
全职法师,乱,玄幻,LZ
放开那个女巫,二目,奇幻,WJ
这个忍者明明不强却过分作死,无面凄凉,轻小说,LZ
妖魔哪里走,全金属弹壳,仙侠,LZ
从士兵突击开始的影视剧特种兵,龙战将,军事,LZ
我娘子天下第一,小小一蚍蜉,历史,LZ
圣光,通吃道人.QD,科幻,LZ
转生眼中的火影世界,空想之龙,轻小说,LZ
天道图书馆,横扫天涯,玄幻,WJ
战锤神座,汉朝天子,奇幻,LZ
学魔养成系统,给您添蘑菇啦,都市,LZ
凡人修仙之仙界篇,忘语,仙侠,LZ
法爷永远是你大爷,翔炎,游戏,LZ
凌天战尊,风轻扬,玄幻,LZ
从当爷爷开始,黑色墨汁,都市,LZ
我在西北开加油站,爸爸无敌,都市,LZ
众神世界,永恒之火,玄幻,LZ
是篮球之神啊,快剑江湖,体育,LZ
归向,核动力战列舰,科幻,LZ
时空之头号玩家,风上忍,科幻,LZ
美漫之超人,白蘸糖,科幻,LZ
文娱从综艺开始,游方老盗,都市,LZ
迷踪谍影,西方蜘蛛,军事,LZ
万古最强宗,江湖再见,玄幻,LZ
无限先知,吴杰超,玄幻,LZ
我真不想当BOSS,彦是我女人,科幻,LZ
我的召唤物可以学技能,渔樵看海,玄幻,LZ
从拍情景喜剧开始,胖一点,都市,LZ
氪金医生,孙帅出口成诗,都市,LZ
获得主角能力的我只想过平凡生活,末羽,科幻,LZ
诸天大佬聊天室,笑畏余生,轻小说,LZ
大制药师系统,二将,都市,LZ
重生之最强星帝,极地风刃,都市,LZ
刺客之王,踏雪真人,玄幻,LZ
无敌师叔祖,九次绝,轻小说,LZ
斗罗之皇龙惊世,风行云亦行,轻小说,LZ
大主宰,天蚕土豆,玄幻,WJ
超级农业强国,凌烟阁阁老,都市,LZ
暗黑破坏神之毁灭,第七重奏01,游戏,LZ
我为天帝召唤群雄,东天不冷,玄幻,LZ
佛系科技,一桶布丁,都市,LZ
证道从遮天开始,鬼灯青月,轻小说,LZ
美漫丧钟,混沌文工团,轻小说,LZ
酒店供应商,会做菜的猫,都市,LZ
魔卡诸天,威馆长,奇幻,LZ
冠冕唐皇,衣冠正伦,历史,LZ
明日之劫,熊狼狗,玄幻,WJ
当医生开了外挂,手握寸关尺,都市,LZ
魔临,纯洁滴小龙,悬疑,LZ
娱乐圈的科学家,自在核桃,都市,LZ
我能提取熟练度,云东流,游戏,LZ
平平无奇大师兄,黑夜弥天,轻小说,LZ
我的徒弟都是大反派,谋生任转蓬,玄幻,LZ
出名太快怎么办,十步杀一仙,都市,WJ
我真的不是气运之子,云中殿,轻小说,LZ
小阁老,三戒大师,历史,LZ
武谪仙,流浪的蛤蟆,仙侠,LZ
伏天氏,净无痕,玄幻,LZ
我真没想当救世主啊,火中物,科幻,LZ
老祖宗在天有灵,台式电脑,玄幻,LZ
洪荒历,zhttty,奇幻,LZ
大秦开局时间倒退三十秒,重别楼,历史,LZ
妖王独尊,马平安,悬疑,LZ
打穿西游的唐僧,涂章溢.QD,仙侠,LZ
封神之我要当昏君,殆火,仙侠,LZ
胖揍星际商人,布咖文,科幻,LZ
校花的贴身高手,鱼人二代,都市,LZ
超次元宠物店,七言诗曰,玄幻,LZ
何日请长缨,齐橙,都市,LZ
万界之最强吕布,万恶真人,科幻,LZ
大明文魁,幸福来敲门,历史,LZ
都市超级医圣,断桥残雪,都市,LZ
读档2013,大西瓜真甜,都市,LZ
我真不想躺赢啊,太白猫,都市,LZ
极品全能高手,花都大少,都市,LZ
神藏,打眼,都市,WJ
这个大佬有点苟,半步沧桑,玄幻,LZ
生活系大佬,鹤bar,都市,LZ
如意小郎君,荣小荣,历史,WJ
老婆请安分,花还没开,轻小说,LZ
库洛牌的魔法使,愿心不变,轻小说,LZ
文明之万界领主,飞翔de懒猫,游戏,LZ
我成了正道第一大佬,傅啸尘,玄幻,LZ
我在黄泉有座房,过水看娇,悬疑,LZ
宿主,黑天魔神,科幻,LZ
最佳特摄时代,粉笔白,都市,LZ
红楼春,屋外风吹凉,历史,LZ
我老婆是大明星,玉米煮不熟,都市,LZ
我真的只是村长,葫芦村人,都市,LZ
天唐锦绣,公子許,历史,LZ
女帝的神级星卡师,箫锦鲤,玄幻,LZ
沧元图,我吃西红柿,玄幻,LZ
我的一天有48小时,小呆昭,科幻,LZ
黄金瞳,打眼,都市,WJ
我有一群地球玩家,第七个魔方,游戏,LZ
这个宇智波过于谨慎,虚空吟唱者,轻小说,LZ
重写科技格局,江湖说梦人,都市,LZ
灭运图录,爱潜水的乌贼,仙侠,WJ
异世界道门,清风小道童,仙侠,LZ
王国血脉,无主之剑,奇幻,LZ
随身带个狩猎空间,青空洗雨,玄幻,WJ
这个修士很危险,想见江南,仙侠,LZ
洪荒之鲲鹏绝不让位,李九郎,仙侠,LZ
开启黑科技时代,胖大福,都市,LZ
手速慢到时间停止,初四兮,游戏,LZ
明末边军一小兵,老白牛,历史,WJ
造化之王,猪三不,玄幻,LZ
大魏宫廷,贱宗首席弟子,历史,WJ
斗罗之核爆斗罗,佛前献菊,轻小说,LZ
逍遥小书生,荣小荣,历史,WJ
从道果开始,妖僧花无缺,游戏,LZ
我只想安静的画漫画,画飞,都市,LZ
一念永恒,耳根,仙侠,LZ
挂机死神就能变强,切开的柠檬,玄幻,LZ
网游之金刚不坏,铁牛仙,游戏,LZ
无限神装在都市,万事皆虚,都市,LZ
拜师九叔,西瓜有皮不好吃,仙侠,WJ
大唐第一长子,西关钛金,历史,LZ
仙王的日常生活,枯玄,轻小说,LZ
诸天福运,我叫排云掌,科幻,LZ
联盟之电竞经理,神叹,游戏,LZ
傲世九重天,风凌天下,玄幻,LZ
美食从和面开始,糖醋虾仁,都市,LZ
霍格沃茨之血脉巫师,纯洁小天使,轻小说,LZ
极道天魔,滚开,仙侠,LZ
寻唐,枪手1号,历史,LZ
次元法典,西贝猫,游戏,LZ
道长去哪了,八宝饭,仙侠,LZ
轮盘世界,幻动,科幻,LZ
我的重生不一样啊,无双之国士,都市,LZ
佣兵的战争,如水意,军事,WJ
环球挖土党,痞徒,都市,LZ
大师兄是个凡人却很强,精分大芒果,玄幻,LZ
迷途的叙事诗,刹那辉煌,轻小说,LZ
举国开发异世界,猪心虾仁,科幻,LZ
垂钓之神,会狼叫的猪,玄幻,LZ
盛唐日月,酒徒,历史,LZ
我真的长生不老,初恋璀璨如夏花,都市,LZ
进化之眼,亚舍罗,玄幻,WJ
来自未来的神探,跑盘,都市,LZ
我有一棵神话树,南瞻台,玄幻,LZ
乡间轻曲,醛石,都市,LZ
永恒国度,孤独漂流,仙侠,LZ
诸天谍影,兴霸天,科幻,LZ
木叶养猫人,槿木槿木,轻小说,LZ
盖世双谐,三天两觉,武侠,LZ
我不想受欢迎啊,朱雀行空,都市,LZ
三国从救曹操老爹开始,哈姆波特,历史,LZ
这个明星来自地球,关乌鸦,都市,LZ
帝霸,厌笔萧生,玄幻,LZ
圣武称尊,小圆源,玄幻,LZ
日月永在,煌煌华夏,历史,LZ
我的1979,争斤论两花花帽,都市,WJ
变成血族是什么体验,神行汉堡,都市,LZ
猎魔烹饪手册,颓废龙,游戏,LZ
超神道术,当年烟火,玄幻,LZ
在柯南世界装好人,仙舟,科幻,LZ
斗罗大陆II绝世唐门,唐家三少,玄幻,LZ
爆裂天神,当年离歌,科幻,LZ
神豪从实名认证开始,这就是生活吧,都市,LZ
从姑获鸟开始,活儿该,科幻,LZ
从我是特种兵开始打卡,纳兰凌云,军事,WJ
超凡大航海,北海牧鲸,奇幻,LZ
警探长,奉义天涯,都市,LZ
儒道至圣,永恒之火,玄幻,LZ
我修的可能是假仙,明月地上霜,轻小说,WJ
我师叔是林正英,白袍飞扬,仙侠,LZ
我给万物加个点,常世,轻小说,LZ
九天,黑山老鬼,仙侠,WJ
汉乡,孑与2,历史,LZ
重生的我不需要女主,螺旋飞面,轻小说,LZ
宋北云,伴读小牧童,历史,LZ
我的生活能开挂,打死不放香菜,都市,LZ
我可以兑换悟性,岳麓山山主,玄幻,LZ
盘龙,我吃西红柿,奇幻,WJ
我有一身被动技,熬夜吃苹果,玄幻,LZ
武道宗师,爱潜水的乌贼,玄幻,WJ
伊塔之柱,绯炎,游戏,LZ
史上最强炼气期（又名：炼气五千年）,李道然,玄幻,LZ
苍青之剑,幽祝,游戏,LZ
覆汉,榴弹怕水,历史,WJ
武术直播间,不会飞的笔,都市,LZ
一不小心就无敌啦,新丰,仙侠,LZ
宅在诸天世界,大小猪蹄子,科幻,LZ
武动乾坤,天蚕土豆,玄幻,WJ
剑圣就该出肉装,薪火之王,玄幻,LZ
峡谷正能量,Iced子夜,游戏,LZ
从灵气复苏到末法时代,叶恨水,仙侠,LZ
仙逆,耳根,仙侠,WJ
特拉福买家俱乐部,夕山白石,都市,LZ
我真不想当天师啊,半卷残篇,都市,LZ
太太请自重,刘家长子.CS,轻小说,WJ
旧日主宰,月中阴,玄幻,LZ
一戟平三国,杂号小兵,历史,LZ
这个刺客有毛病,任秋溟,轻小说,LZ
天阿降临,烟雨江南,玄幻,LZ
我有无数技能点,东城令,玄幻,LZ
灵台仙缘,黄石翁,仙侠,LZ
海贼之风暴主宰,沐木青阳,轻小说,LZ
俗人回档,庚不让,都市,WJ
高龄巨星,蠢蠢凡愚QD,都市,LZ
赝太子,荆柯守,仙侠,LZ
朝为田舍郎,贼眉鼠眼,历史,LZ
峡谷少女飞雷神,松子不吃糖,轻小说,LZ
重生之最强大亨,黄老湿,都市,LZ
放开那只妖宠,枫霜,玄幻,LZ
拜见教主大人,封七月,武侠,WJ
我是王富贵,青史尽成灰,历史,LZ
太虚化龙篇,六月观主,仙侠,LZ
梦境封神,羽民,游戏,LZ
漫游在影视世界,不是马里奥,科幻,LZ
诸天武侠霸主,傅青宣,科幻,LZ
我有好多复活币,辣酱配咸鱼,轻小说,LZ
狩魔猎人和他的小屋,往边,游戏,LZ
仙宫,打眼,仙侠,LZ
独步成仙,搞个锤子,仙侠,LZ
逆流1982,刀削面加蛋,都市,LZ
我快亏成麻瓜了,江公子阿宝,游戏,LZ
史上第一密探,沉默的糕点,玄幻,WJ
磨了10年剑的我终于可以浪了,西风啸月,武侠,LZ
这号有毒,幼儿园一把手,轻小说,WJ
我成了二周目BOSS,宝蓝海洋,轻小说,LZ
剑徒之路,惰堕,仙侠,WJ
前任无双,跃千愁,仙侠,WJ
玩家请自重,余云飞,奇幻,LZ
大国金融,辛老七,都市,LZ
大道争锋,误道者,仙侠,WJ
苏厨,二子从周,历史,LZ
全属性武道,莫入江湖,玄幻,LZ
寒门状元,天子,历史,WJ
我的武功带特效,鱼跃冲顶,玄幻,LZ
我只想安静地打游戏,十二翼黑暗炽天使,玄幻,LZ
万界圆梦师,棉衣卫,科幻,LZ
世界树的游戏,咯嘣,轻小说,LZ
大数据修仙,陈风笑,仙侠,LZ
吞噬星空,我吃西红柿,科幻,WJ
玩家超正义,不祈十弦,轻小说,LZ
史上最强赘婿,沉默的糕点,玄幻,WJ
开错外挂怎么办,有梦之人,都市,LZ
我真不是仙二代,明月地上霜,仙侠,LZ
科技之全球垄断,昭灵驷玉,科幻,LZ
诸天万界神龙系统,维斯特帕列,科幻,LZ
练习生从徒手劈砖开始,林白音抖,军事,LZ
主公我不想加班,寅时不睡,历史,LZ
漫威里的德鲁伊,骑行拐杖,科幻,LZ
你有种就杀了我,听日,科幻,LZ
全职高手,蝴蝶蓝,游戏,WJ
我老婆是邪神,黑暗荔枝,科幻,LZ
从契约精灵开始,笔墨纸键,轻小说,LZ
法术真理,奇迹祈愿,游戏,LZ
写写小说就无敌了,李古丁,玄幻,LZ
人仙百年,鬼雨,仙侠,LZ
官居一品,三戒大师,历史,WJ
影视世界当神探,冰原三雅,科幻,LZ
穿越从武当开始,泡椒炖咸鱼,科幻,LZ
斗罗大陆III龙王传说,唐家三少,玄幻,LZ
飞天,跃千愁,仙侠,WJ
神豪从吹牛纳税开始,八刃贤狼,都市,LZ
从火影开始卖罐子,剑符文,轻小说,LZ
东晋北府一丘八,指云笑天道1,历史,LZ
舌尖上的霍格沃茨,幽萌之羽,奇幻,LZ
魔幻科技工业,本号做废,都市,LZ
大符篆师,小刀锋利,仙侠,WJ
一品修仙,不放心油条,仙侠,LZ
明尊,辰一十一,仙侠,LZ
人道至尊,宅猪,玄幻,WJ
将夜,猫腻,玄幻,WJ
凶猛道侣也重生了,吃苹果的鸭子,玄幻,LZ
带着仓库到大明,迪巴拉爵士,历史,WJ
秦吏,七月新番,历史,WJ
医路坦途,臧福生,都市,LZ
直播之狩猎荒野,土土士,都市,LZ
庶族无名,王不过霸,历史,LZ
重生创业时代,公子不歌,都市,LZ
大唐孽子,南山堂,历史,LZ
星辰变,我吃西红柿,仙侠,WJ
特种岁月,严七官,军事,LZ
大明从慎重开始,一笑澄明,历史,LZ
大道独行,雾外江山,仙侠,WJ
奶爸的异界餐厅,轻语江湖,轻小说,LZ
我捡了只重生的猫,半亩南山,都市,LZ
开局就是神豪,托儿所一把手,都市,LZ
暗影熊提伯斯的位面之旅,暗影熊,科幻,LZ
一世无争,求鲤,仙侠,LZ
东汉末年枭雄志,御炎,历史,LZ
蓝白社,魔性沧月,都市,WJ
重生男的青春时代,森外,都市,LZ
红楼之庶子风流,屋外风吹凉,历史,WJ
诡三国,马月猴年,历史,LZ
决胜新金融时代,桥上风景独好,都市,LZ
银龙的黑科技,木老七,奇幻,LZ
诸天最强大BOSS,黑眼白发,玄幻,LZ
道门法则,八宝饭,仙侠,WJ
系统派我来抗战,抗战三郎,军事,LZ
我能穿越去修真,西瓜吃葡萄,仙侠,LZ
海贼之祸害,紫蓝色的猪,轻小说,LZ
我有一个大世界,沉入太平洋,都市,LZ
超维术士,牧狐,玄幻,LZ
不朽凡人,鹅是老五,仙侠,WJ
从士兵突击开始的征程,陈氏刀客,军事,LZ
绿茵傻腰,金印,体育,LZ
寒门崛起,朱郎才尽,历史,LZ
楚氏赘婿,百里玺,历史,LZ
我想当巨星,临河羡鱼翁,体育,LZ
我真是实习医生,请叫我医生,都市,LZ
天后的绯闻老爸,夏雨打蝉,都市,LZ
逍遥初唐,扬镳,历史,LZ
我的系统能具现,我要签约,玄幻,LZ
我是幕后大佬,一刀斩斩斩,游戏,WJ
重生逆流崛起,月阳之涯,都市,LZ
重生完美时代,公子不歌,都市,LZ
诸天之从新做人,惠鹏鹏,科幻,LZ
无双庶子,漫客1,历史,LZ
我的娱乐那个圈,静候轮回,都市,LZ
深空之流浪舰队,最终永恒,科幻,LZ
逆流纯真年代,人间武库,都市,WJ
掠天记,黑山老鬼,仙侠,WJ
我有一个进化点,宝石猫,玄幻,LZ
开局签到荒古圣体,J神,玄幻,LZ
韩四当官,卓牧闲,历史,LZ
修仙从沙漠开始,中天紫薇大帝,仙侠,LZ
我的混沌城,凌虚月影,游戏,LZ
建造狂魔,好多牛,都市,LZ
我只想安心修仙,历史里吹吹风,仙侠,LZ
美女明星看上我,缘乐,都市,LZ
青莲之巅,肖十一莫,仙侠,LZ
我有超体U盘,黑暗狗熊,科幻,LZ
征战乐园,黑心的大白,科幻,LZ
我的导演时代,吃饭打怪兽,都市,LZ
我能打破次元壁,醉酒喵,科幻,LZ
拜师四目道长,东人,科幻,LZ
最终进化,卷土,科幻,LZ
剑神从签到开始,恶魔佳肴,玄幻,LZ
调教大宋,苍山月,历史,WJ
狂探,旷海忘湖,都市,LZ
宋煦,官笙,历史,LZ
木叶寒风,归咎.,轻小说,LZ
